operation,ticker,company,date,type,quantity,price,Total spent,currency,note,Thoughts,Result
Buy,AIR,Airbus,2023-06-13,Share,2,130.28,260.56,EUR,,,
Buy,SIE,Siemens,2023-06-13,Share,1,162.74,162.74,EUR,,,
Buy,WRT1V,Wartsila,2023-08-31,Share,2,11.685,23.37,EUR,,,
Dividend,WRT1V,,2023-09-19,Share,2,0.13,,EUR,,,
Buy,WRT1V,Wartsila,2023-10-20,Share,8,9.77,78.16,EUR,,,
Buy,TYRES,Nokian,2023-10-20,Share,14,7.652,107.13,EUR,,,
Dividend,TYRES,,2023-12-04,Share,14,0.2,,EUR,,,
Dividend,SIE,,2024-02-14,Share,1,4.7,,EUR,,,
Dividend,WRT1V,,2024-03-15,Share,10,0.16,,EUR,,,
Buy,WRT1V,Wartsila,2024-04-15,Share,6,15.515,93.09,EUR,,,
Buy,NDA FI,Nordea,2024-04-15,Share,10,10.705,107.05,EUR,,,
Buy,METSO,Metso,2024-04-15,Share,10,11.495,114.95,EUR,,,
Dividend,AIR,,2024-04-19,Share,2,2.8,,EUR,,,
Dividend,METSO,,2024-05-06,Share,10,0.18,,EUR,,,
Dividend,TYRES,,2024-05-14,Share,14,0.35,,EUR,,,
Buy,WRT1V,Wartsila,2024-09-13,Share,16,18.805,300.88,EUR,,,
Buy,AIR,Airbus,2024-09-13,Share,2,130.5,261,EUR,,,
Dividend,WRT1V,,2024-09-17,Share,16,0.16,,EUR,,,
Dividend,METSO,,2024-10-31,Share,10,0.18,,EUR,,,
Dividend,TYRES,,2024-12-03,Share,14,0.2,,EUR,,,
Dividend,SIE,,2025-02-19,Share,1,5.2,,EUR,,,
Buy,KNEBV,Kone,2025-02-26,Share,4,55.2,220.8,EUR,,,
Buy,VOWd,Volkswagen,2025-02-26,Share,2,108.4,216.8,EUR,,,
Buy,TYRES,Nokian,2025-02-26,Share,15,6.372,95.58,EUR,,,
Buy,GOLD,Barrik Gold,2025-02-26,Share,10,18,180,USD,,,
Dividend,KNEBV,,2025-03-13,Share,4,1.8,,EUR,,,
Dividend,GOLD,,2025-03-18,Share,10,0.1,,USD,,,
Dividend,WRT1V,,2025-03-21,Share,32,0.22,,EUR,,,
Dividend,NDA FI,,2025-03-28,Share,10,0.94,,EUR,,,
Dividend,AIR,,2025-04-25,Share,4,3,,EUR,,,
Dividend,METSO,,2025-05-05,Share,10,0.19,,EUR,,,
Buy,WRT1V,Wartsila,2025-05-09,Share,8,16.995,135.96,EUR,,,
Buy,QQQ Sep19'25 630 Call,,2025-05-12,Option,1,0.72,72,,"Buying insurance for portfolio that should protect me from sudden moves on US market. Bought call option from Feb 2025 high + 20%. QQQ seems to nicely follow the price of US market and also options are much cheaper than SPY for example. I don't expect to earn money, rather want to protect myself from sudden moves.",Probably insurance from a sudden market growth was not needed. I don't know what were the reasons for the growth,-52
Buy,QQQ Sep19'25 365 Put,,2025-05-12,Option,1,2.13,213,,"Buying insurance for portfolio that should protect me from sudden moves on US market. Bought for current price -25%. I don't expect to earn money, rather want to protect myself from sudden moves.","No thoughts really. Insurance is insurance, some money was lost",-134
Dividend,TYRES,,2025-05-19,Share,19,0.25,,EUR,,,
Dividend,VOWd,,2025-05-22,Share,2,6.3,,EUR,,,
Buy,TLT Dec19'25 74 Put,,2025-06-04,Option,1,0.7,70,,Insurance from debt crisis in the US treasuries. In case when US needs to refinance the debt and there are things like BBB in action or other tariffs that reduce demand for trasuries.,,
Buy,USO Jan16'26 53 Put,,2025-06-17,Option,1,1.2,120,,"This is an insurance from quick conflict resolution. If there is agreement between Isral and Iran (and maybe US), there there is no fundamental reason for prices to stay high.",,
Dividend,GOLD,,2025-06-17,Share,10,0.1,,USD,,,
Buy,USO Jan16'26 120 Call,,2025-06-18,Option,1,1.77,177,,"This is a bit late thing and I'm now angry with myself. I thought that if there will be armed conflict with Israel and Iran, oil price can go up. It's not a fundamental growth, because there is now too much oil supply, but more of a volatility thing. If there is conflict, oil prices can go up. Especially if it's related to one of the oil exporters and there is a danger in destroyoing oil infrastructure and or Hormuz strait closure from Iran. This purchase in kind of insurance against further sudden actions from US, like major attac towards infrastructure.","Crimson opinion:
There are 2 resons for crude oil to grow: attack on Saudi Arabian/UAE oil infrastructure (long term effect) or Hormuz strait closure (very short term)",
Buy,BATS,,2025-06-30,Share,10,34.52,345.2,GBP,"Currency: GPB
From tobacco companies I've chosen BAT. Opinion can be found on the next tab. So opening position",,
Buy,BTI Jun18'26 33 Put,,2025-06-30,Option,1,0.58,58,,"Insurance for my position in BATS. Insurance is done via BAT ADR Put option. BAT ADR was chosen because it's a US style option, on BATS I can purchase only european style option and I'm not sure if those bahve the same way as the US style. I don't know if it's a good idea or not. I also understand that there might be the case when significant BATS price change will correspond to the USD devalvation which can neutralize the insurance, because USD price for ADR would be the same.",,
Buy,TTE,,2025-08-08,Share,8,53.035,424.28,EUR,Selected TotalEnergies as an oil comnpany that I want to invest in.,,
Buy,TTE Mar20'26 40 Put,,2025-08-08,Option,1,0.49,49,,Insurance for my TTE position.,,
Sell,QQQ Sep19'25 630 Call,,2025-08-15,Option,1,0.2,20,,"Expiration date is too close, will take some money while can",,
Buy,O Jan15'27 70 Call,,2025-08-15,Option,1,0.72,72,,"If Federal Reserve rate will go down and Trump will make givaways, in my opinion O can benefit from it. Also, it's quite long option and price is ~20% higher than current. Let's see how it goes",,
Buy,MO Jan15'27 90 Call,,2025-08-15,Option,2,0.46,92,,"If Federal Reserve rate will go down and Trump will make givaways, in my opinion O can benefit from it. Also, it's quite long option and price is ~20% higher than current. Let's see how it goes",,
Buy,O Jan15'27 95 Call,,2025-08-15,Option,4,0.15,60,,"Same argument as 70 calls, but here I want to do an experiment. I have equally long call options, but for one of them strike is much higher and option is much cheaper. I'm wondering what would happen to relative price growth. I'd call it a learning moment.",,
Dividend,GOLD,,2025-09-16,Share,10,0.15,,USD,,,
Dividend,WRT1V,,2025-09-23,Share,40,0.22,,EUR,,,
Dividend,TTE,,2025-10-03,Share,8,0.85,,EUR,,,
Sell,TLT Dec19'25 74 Put,,2025-10-08,Option,1,0.11,11,USD,,,-59
Sell,USO Jan16'26 120 Call,,2025-10-08,Option,1,0.23,,USD,,,
Sell,USO Jan16'26 53 Put,,2025-10-08,Option,1,0.32,,,,,
Buy,BATS,,2025-10-09,Share,12,38.54,462.48,GBP,,,
Buy,WPM Jan21'28 164 Call,,2025-10-13,Option,1,10.9,,USD,,,
Buy,WDP,,2025-10-17,Share,15,21.76,,EUR,,,
Sell,VOWd,Volkswagen,2025-10-20,Share,2,91.85,183.7,EUR,,,
Dividend,METSO,,2025-10-31,Share,10,0.19,,EUR,,,
Buy,PBR,,2025-11-05,Share,10,12.21,,USD,,,
Buy,QQQ Sep18'26 320 Put,,2025-11-05,Option,1,2.5,,USD,,,
Sell,QQQ Sep19'25 365 Put,,,Option,1,0.79,79,,Did a roll over of insurance,,
Buy,QQQ Jun18'26 259.78 Put,,,Option,1,1.9,190,,Did a roll over of insurance,,
Dividend,BATS,,2025-11-07,Share,10,0.6,,GBP,,,
